window_max,zero_count,first_zero_amplitude_ratio,first_zero_phase_error,fitted_validation_rmse,correct_pole_validation_rmse,flipped_pole_validation_rmse,pole_flip_degradation_ratio
10000,8,1.1395311068420737,-0.010866670750418361,0.000741479301577332,1.0463339434796014e-05,0.003906717777153198,373.3719814308367
30000,8,1.0036864765305422,0.030356815019680017,3.064503669383857e-05,4.367977238794504e-06,0.0025254012909022207,578.1626489425557
100000,8,0.999516434199733,0.024760064707850745,1.3349404126042134e-05,2.753922437673665e-06,0.0015746914209707114,571.7994811433065
300000,8,0.9961235874828615,0.01847809353002017,1.1007572930415851e-05,2.302311802341427e-06,0.0010287995005033186,446.8549826557117
1000000,8,0.9971006299543796,0.013114489231204285,7.404139674342061e-06,2.5148351170697153e-06,0.0006490408392803679,258.08484813773
