{
  "campaign": "ATHENA_DOMAIN_E007",
  "protocol": "v1.0 CONGELADO",
  "kind": "replication_not_discovery",
  "protocol_sha256": "eacc3f54e9d7bd768416bc7d93ffd577767d21b88e15403a66aac883a256ab0b",
  "parent_E006_protocol_sha256": "12b9c1b7ec6930472efc2a774d484a90ea64e9db9f15270394c24e15161f9e5b",
  "N_E006_reference": 100000,
  "N_E007": 50000,
  "k": 11,
  "B": 2000,
  "only_changed_variable": "N",
  "M_P": 5.84687317,
  "signals": {
    "1": 3.95012663,
    "2": 2.30040912,
    "6": 0.83966491,
    "30": 0.59224625
  },
  "curve_order_S1_gt_S2_gt_S6_gt_S30": true,
  "class_W30": "PERSISTE",
  "E006_pipeline_verdict": "H01_MATERIAL_BEYOND_WHEEL_30",
  "E006_pipeline_interpretation": "PERSISTE",
  "wheels": {
    "W1": {
      "W": 1,
      "n_U": 50000,
      "n_U_L": 25000,
      "n_U_H": 25000,
      "median": 9.79699981,
      "p_range": 0.0004997501249375312,
      "D_C1_med": 0.17338788,
      "senal": 3.95012663,
      "in_central_80": false,
      "threshold_2_D_med": 0.34677576,
      "halves": {
        "M_P_L": 6.52425778,
        "M_P_H": 5.05778153,
        "med_L": 11.04851557,
        "med_H": 8.31126107,
        "p_range_L": 0.0004997501249375312,
        "p_range_H": 0.0004997501249375312,
        "half_code": "HALF_BOTH_EXTREME",
        "universe": "U_W ∩ half (not cardinality-only)"
      },
      "D_P_C2": 2.52211183,
      "D_P_C3": 0.83639183,
      "cond_C2": true,
      "cond_C3": true
    },
    "W2": {
      "W": 2,
      "n_U": 25000,
      "n_U_L": 12500,
      "n_U_H": 12500,
      "median": 8.14728229,
      "p_range": 0.0004997501249375312,
      "D_C1_med": 0.12039743,
      "senal": 2.30040912,
      "in_central_80": false,
      "threshold_2_D_med": 0.24079486,
      "halves": {
        "M_P_L": 6.52425778,
        "M_P_H": 5.05778153,
        "med_L": 9.13902969,
        "med_H": 7.02488402,
        "p_range_L": 0.0004997501249375312,
        "p_range_H": 0.0004997501249375312,
        "half_code": "HALF_BOTH_EXTREME",
        "universe": "U_W ∩ half (not cardinality-only)"
      },
      "D_P_C2": 2.52211183,
      "D_P_C3": 0.83639183,
      "cond_C2": true,
      "cond_C3": true
    },
    "W6": {
      "W": 6,
      "n_U": 16667,
      "n_U_L": 8333,
      "n_U_H": 8334,
      "median": 6.68653809,
      "p_range": 0.0004997501249375312,
      "D_C1_med": 0.0818235,
      "senal": 0.83966491,
      "in_central_80": false,
      "threshold_2_D_med": 0.16364699,
      "halves": {
        "M_P_L": 6.52425778,
        "M_P_H": 5.05778153,
        "med_L": 7.45546705,
        "med_H": 5.8439477,
        "p_range_L": 0.0004997501249375312,
        "p_range_H": 0.0004997501249375312,
        "half_code": "HALF_BOTH_EXTREME",
        "universe": "U_W ∩ half (not cardinality-only)"
      },
      "D_P_C2": 2.52211183,
      "D_P_C3": 0.83639183,
      "cond_C2": true,
      "cond_C3": true
    },
    "W30": {
      "W": 30,
      "n_U": 13334,
      "n_U_L": 6666,
      "n_U_H": 6668,
      "median": 6.43911942,
      "p_range": 0.0004997501249375312,
      "D_C1_med": 0.06701734,
      "senal": 0.59224625,
      "in_central_80": false,
      "threshold_2_D_med": 0.13403468,
      "halves": {
        "M_P_L": 6.52425778,
        "M_P_H": 5.05778153,
        "med_L": 7.16871832,
        "med_H": 5.64993674,
        "p_range_L": 0.0004997501249375312,
        "p_range_H": 0.0004997501249375312,
        "half_code": "HALF_BOTH_EXTREME",
        "universe": "U_W ∩ half (not cardinality-only)"
      },
      "D_P_C2": 2.52211183,
      "D_P_C3": 0.83639183,
      "cond_C2": true,
      "cond_C3": true
    }
  },
  "conditions_W30": {
    "p_range_le_0.01": true,
    "D_PC2_gt_thr": true,
    "D_PC3_gt_thr": true,
    "HALF_BOTH_EXTREME": true,
    "gray_band_0.01_to_0.10": false
  },
  "curve_code_E006_style": "CURVE_MONOTONE",
  "replica_verdict": "REPRODUCIDA",
  "anti_retrospective_rule": "E007 does not rewrite E006",
  "E006_status": "unchanged",
  "md035_audit": {
    "edges": "only 0 < |i-j| <= k in degrees_induced_ordinal",
    "gcd": "only constructs U_W for null sampling (and U_W ∩ half)",
    "halves": "wheel universe restricted per half, not cardinality-only",
    "sieve_Omega": "labels P and C2 only",
    "status": "PASS"
  },
  "no_claims": [
    "Not a stronger signal hunt",
    "Not a theory",
    "NO_REPRODUCIDA does not falsify E006 retrospectively",
    "REPRODUCIDA does not promote E006 to theory"
  ],
  "full_E006_style_output": {
    "verdict": "H01_MATERIAL_BEYOND_WHEEL_30",
    "hypotheses": {
      "H-ATH-D006-01": "SOPORTADA_BAJO_CONTROL",
      "H-ATH-D006-00": "MUERTA"
    },
    "C2_semiprimes_sample": {
      "M": 8.368985,
      "D_P_C2": 2.52211183,
      "note": "sample m of all semiprimes ≤ N",
      "n_semi_all": 12110
    },
    "C3_ulam": {
      "M": 4.79038511,
      "D_P_C3": 0.83639183,
      "note": "Ulam 3869<m; P subsampled",
      "m3": 3869
    }
  }
}
